Player Name ,Projected fantasy points PPR
Player7091,84.69507
Player0346,89.24731
Tom Brady,285.11487
Player0245,22.05949
Steve Smith,75.24832
Drew Brees,256.1127
Shaun Hill,5.928645
Josh McCown,70.565315
Carson Palmer,204.25624
Antonio Gates,48.82772
Tony Romo,24.60678
Player2044,33.036434
Anquan Boldin,71.36839
Jason Witten,54.5945
Player2414,59.340496
Player2427,9.103519
Player2736,9.630751
Matt Schaub,15.175666
Eli Manning,187.2525
Player2811,53.834793
Andy Lee,1.659202
Luke McCown,7.983472
Larry Fitzgerald,94.54764
Ben Roethlisberger,208.07776
Philip Rivers,252.1719
Benjamin Watson,50.051617
John Kuhn,10.10898
Player3310,36.00097
Nate Washington,65.74472
Alex Smith,182.42168
Aaron Rodgers,275.9205
Player3462,53.320145
Player3465,53.981472
Vincent Jackson,37.94447
Frank Gore,99.875114
Darren Sproles,44.478954
Dan Orlovsky,7.2817526
Derek Anderson,5.819432
Matt Cassel,20.323334
Ryan Fitzpatrick,136.84355
Jon Ryan,-0.04825843
Player3752,7.348925
Matt Prater,3.7202148
Donald Penn,5.790137
Player3921,23.654026
Player4204,29.75707
Reggie Bush,8.888821
Vernon Davis,47.33456
Jay Cutler,134.92691
DeAngelo Williams,88.09856
Marcedes Lewis,23.08857
Kellen Clemens,6.3635216
Player4267,22.897106
Anthony Fasano,20.550325
Player4279,0.6728852
Player4296,6.8896456
Player4313,56.21944
Player4324,10.838907
Brandon Marshall,65.93267
Kyle Williams,4.75356
Delanie Walker,64.12351
Sam Koch,2.0359497
Player4466,52.934807
Eric Weems,1.7857128
Player4813,11.153047
Player5389,123.98077
Adrian Peterson,76.92051
Ted Ginn,57.293156
Player5399,55.44314
Player5410,5.191327
Joe Staley,0.6626719
Greg Olsen,62.589073
Drew Stanton,25.26234
Player5464,1.8227245
Player5465,92.97337
Player5516,26.617235
Brent Celek,27.490099
Player5637,15.644658
Matt Moore,34.500084
Brett Kern,0.6213436
Matthew Mulligan,2.350291
Danny Woodhead,55.39041
Danny Amendola,58.527256
Mike Tolbert,30.948988
Matt Ryan,243.8641
Darren McFadden,74.215645
Jonathan Stewart,67.47194
Joe Flacco,106.97467
Chris Johnson,37.192577
Jordy Nelson,89.32725
Eddie Royal,33.362934
Matt Forte,101.06188
Player6186,7.06272
DeSean Jackson,55.258923
Chad Henne,6.3330817
Martellus Bennett,51.233696
Jamaal Charles,28.08181
Harry Douglas,21.773344
Player6225,12.018769
Andre Caldwell,8.20745
Jacob Tamme,42.261166
Gary Barnidge,83.38479
Jerome Felton,7.110018
Tim Hightower,63.365227
Matt Slater,0.24988249
Kellen Davis,3.8340175
Josh Johnson,25.490108
Pierre Garcon,70.72035
Steve Johnson,43.973682
Justin Forsett,56.796555
Marcel Reece,21.372885
Matthew Stafford,232.13344
Chase Daniel,13.529366
Brian Hoyer,46.512783
Tim Masthay,0.41880298
Jordan Norwood,26.367252
Arian Foster,27.04099
Player6852,2.7735248
Antone Smith,7.0267744
Mark Sanchez,18.15286
Mike Wallace,79.87157
Cedric Peerman,1.4331015
David Johnson,8.765011
Darrius Heyward-Bey,18.931444
Michael Crabtree,66.16332
Player6993,8.287323
Jeremy Maclin,69.93898
Brandon Pettigrew,8.231372
Percy Harvin,11.887507
Donald Brown,33.0413
Player7005,5.196095
Kenny Britt,72.14806
LeSean McCoy,100.83293
Brandon Tate,13.318509
Jared Cook,64.28993
Player7069,12.428
Player7077,47.408554
Player7089,20.27438
Zach Miller,38.325974
Brandon Myers,10.413181
John Phillips,8.290024
Pat McAfee,1.4965538
Julian Edelman,91.46293
Rashad Jennings,95.7016
Logan Paulsen,8.0373
Joique Bell,31.912594
Victor Cruz,59.276634
Jeff Cumberland,7.707918
LeGarrette Blount,81.59342
Player7356,9.702379
Player7440,2.1985013
Player7450,5.5096827
Chris Ivory,74.76117
Anthony Levine,3.736351
Marcus Sherels,0.3263619
Player7581,1.1923486
Bryan Walters,27.502192
Devin McCourty,0.3263619
Dexter McCluster,25.751781
Arrelious Benn,9.508106
Rob Gronkowski,86.85882
Player7659,29.462622
Ed Dickson,23.738182
Brandon LaFell,53.321407
Emmanuel Sanders,91.466156
Colt McCoy,23.55853
Eric Decker,64.68913
Andre Roberts,12.62741
Player7695,10.171944
Jimmy Graham,57.30643
Marcus Easley,9.181112
Player7714,68.75512
Player7718,4.1597495
Clay Harbor,11.200531
Michael Hoomanawanui,8.999115
Andrew Quarless,3.327106
Player7758,36.006798
Player7772,9.2916155
James Starks,61.139812
Antonio Brown,110.68214
Joe Webb,3.4026024
Marc Mariani,19.803602
Jim Dray,6.88105
Sam Bradford,107.83059
Player7861,18.763885
Tyson Alualu,2.7278383
Ryan Mathews,71.15179
Mike Iupati,2.1590335
Jermaine Gresham,28.458069
Demaryius Thomas,90.81959
Player7888,6.5397115
Golden Tate,85.466415
Dez Bryant,57.8681
Will Tukuafu,0.43040383
Player7917,1.5286583
Andrew Hawkins,33.431473
James Develin,5.9924493
Cam Newton,183.84369
A.J. Green,85.9339
Julio Jones,122.37662
Blaine Gabbert,40.99064
Mark Ingram,96.43749
Andy Dalton,171.60945
Colin Kaepernick,134.10573
Kyle Rudolph,48.247944
Lance Kendricks,30.242737
Shane Vereen,48.021534
Torrey Smith,42.1319
Randall Cobb,63.434525
Player8007,3.3987238
DeMarco Murray,125.82032
Stevan Ridley,10.886533
Ryan Mallett,35.99176
Player8017,28.65514
Player8020,3.6713808
Jordan Cameron,24.061655
Luke Stocker,9.704433
Player8043,12.443748
Player8050,9.865147
Cecil Shorts,36.8697
Player8053,0.24988249
Chris Prosinski,0.24988249
Taiwan Jones,9.025382
Bilal Powell,71.11681
Julius Thomas,40.192593
Anthony Sherman,5.541143
Jacquizz Rodgers,38.052994
Dion Lewis,63.35229
T.J. Yates,25.767307
Jeremy Kerley,27.8244
Niles Paul,8.195257
Lee Smith,8.119372
Charles Clay,44.340755
Dwayne Harris,14.3638315
Aldrick Robinson,34.563416
Tyrod Taylor,98.14898
Jordan Todman,4.2976537
Colin Jones,0.24988249
Virgil Green,20.662031
Player8149,10.082571
Matt Asiata,47.196625
Shaun Draughn,46.533424
Chris Hogan,37.41107
Jeremy Ross,11.683086
Andre Holmes,20.01289
Nick Bellore,3.6890278
DuJuan Harris,25.666887
Dontrelle Inman,42.29439
Doug Baldwin,102.87741
Player8442,9.20365
Kamar Aiken,39.95537
Isa Abdul-Quddus,3.0585952
Patrick DiMarco,9.779759
Scott Tolzien,4.617862
Chris Jones,3.6295986
Chris Matthews,11.89683
Player8795,1.5286583
Terrelle Pryor,43.697163
Larry Donnell,16.38411
Will Johnson,4.2702703
Johnny Hekker,1.8670295
Garrett Celek,27.63506
Player8905,7.707918
Robert Golden,0.8772658
Player8957,19.998695
Cory Harkey,3.3350708
Case Keenum,85.21597
Phillip Supernaw,5.593847
Player8994,8.120442
Cole Beasley,66.6501
Lance Dunbar,18.032948
Griff Whalen,9.812132
Joe Banyard,0.41880298
Player9068,5.845868
Bradley Sowell,4.1959953
Player9104,23.152977
Derek Carrier,7.5145397
Marquette King,0.18639272
Rod Streater,13.971826
Alshon Jeffery,68.800476
Alfred Morris,41.951027
Jermaine Kearse,63.46192
Mike Remmers,0.6626719
Travaris Cadet,19.750338
Kellen Moore,30.79095
Brandon Bolden,23.837355
Player9262,80.49752
Russell Wilson,276.22137
Player9264,1.8839961
Travis Benjamin,58.330452
Robert Turbin,21.063768
Ladarius Green,38.058018
Marvin Jones,88.08563
Player9304,0.6546011
Josh Bellamy,23.748938
Brittan Golden,5.3472157
Bobby Rainey,9.995422
Deonte Thompson,28.24563
Sean McGrath,5.119887
Brenton Bersin,10.710391
Player9407,0.3263619
Tavon Wilson,0.41880298
Orson Charles,7.9839416
Player9415,26.917322
Najee Goode,0.3263619
Dennis Kelly,6.778712
Player9429,8.235958
Player9435,0.45901346
Player9438,42.194748
Jamize Olawale,17.1336
Jonathan Grimes,32.905514
Bobby Massie,1.5286583
Player9531,5.3580084
Cooper Helfet,11.916183
Player9563,0.3263619
Nick Foles,44.440826
Nate Ebner,-0.6096039
Jarius Wright,33.159943
Rishard Matthews,64.110115
Rhett Ellison,22.635647
Player9588,9.962158
Kevin Zeitler,0.6626719
Player9601,6.88105
Kirk Cousins,257.88004
T.Y. Hilton,86.12094
Daryl Richardson,0.41880298
Doug Martin,86.67418
Player9614,37.76239
Lamar Miller,100.26286
Player9619,1.8621923
Alex Tanney,5.3580084
Player9626,2.8604326
Mohamed Sanu,56.847607
James Hanna,12.605051
Michael Floyd,42.02527
Brian Quick,22.357927
Kyle Wilber,0.3263619
Akiem Hicks,5.137855
Player9660,3.3551943
Josh Gordon,41.67191
Player9665,19.661509
Andrew Luck,243.15666
Brandon Weeden,59.09175
Janoris Jenkins,0.3263619
Brock Osweiler,94.51802
Ronnie Hillman,58.44228
Dontari Poe,7.7000904
Dwayne Allen,18.977772
Coby Fleener,50.587486
Ryan Tannehill,199.68085
Kendall Wright,45.54086
Austin Johnson,6.077518
Fozzy Whittaker,27.986528
Darren Fells,25.64262
Ifeanyi Momah,7.438178
Chris Banjo,0.6546011
Player9755,1.5286583
Cody Davis,3.3551943
Brandon Williams,10.207562
Benny Cunningham,24.62484
Brandon McManus,0.45901346
Nick Williams,8.797559
C.J. Anderson,66.15269
Ryan Griffin,0.61002314
MarQueis Gray,9.223795
Kyle Juszczyk,32.99831
Timothy Wright,11.976919
Zach Line,7.5155697
Player0000,12.86038
Adam Thielen,93.05876
Player0039,7.6761174
Marquess Wilson,29.52256
Chris Gragg,14.135278
Zach Ertz,84.452866
Marquise Goodwin,48.48437
Duke Williams,0.3263619
Kenny Stills,52.07559
Luke Willson,16.364971
Micah Hyde,0.3263619
Tavarres King,16.27785
Corey Fuller,9.50681
David Quessenberry,6.778712
Theo Riddick,60.750942
Ryan Griffin,27.397806
Michael Williams,3.3350708
Player0112,6.639569
Charles Johnson,20.37142
Jordan Poyer,1.0210465
Kerwynn Williams,28.117037
B.J. Daniels,2.2471354
Tress Way,0.6546011
Russell Shepard,18.875448
Player0151,0.6546011
Demetrius Harris,16.211395
Rontez Miles,0.24988249
Jack Doyle,41.701424
Rashad Ross,12.25687
Jeff Heath,0.45901346
Josh Hill,16.251358
George Winn,0.24988249
Player0248,0.6627346
Player0272,8.640052
Player0274,11.32961
Keenan Allen,101.62038
Knile Davis,10.57423
Stepfan Taylor,5.7060056
Andre Ellington,34.977203
Rex Burkhead,45.2861
Cobi Hamilton,17.164986
Jaron Brown,27.47211
Khiry Robinson,14.118365
Player0388,39.373775
Mike James,4.7840085
Michael Mauti,0.3263619
Marlon Brown,10.838907
Chris Thompson,53.2418
Spencer Ware,59.79959
Matt McGloin,7.11926
Dion Sims,20.685543
Robert Woods,90.39346
Christine Michael,34.19949
Mike Gillislee,37.064194
Levine Toilolo,17.018063
Quinton Patton,42.224495
Giovani Bernard,59.490833
Markus Wheaton,30.624865
Kenjon Barner,12.968112
Vance McDonald,33.84583
Shawn Williams,4.3371677
Jordan Reed,57.714676
Eddie Lacy,51.667763
Le'Veon Bell,109.976326
Travis Kelce,125.51996
Latavius Murray,92.72427
Mychal Rivera,24.717741
Brice Butler,23.771309
Mike Glennon,21.36626
Justin Hunter,17.918123
Landry Jones,22.490728
Tavon Austin,38.48374
EJ Manuel,18.893063
Stedman Bailey,19.160982
Matt Barkley,23.655672
Player0536,16.926813
Aaron Dobson,10.7443075
Terrance Williams,55.661182
Gavin Escobar,5.423791
Denard Robinson,29.99898
Tyler Eifert,39.19939
Colton Schmidt,-0.6096039
Player0558,1.0180093
Lane Johnson,6.7869287
DeAndre Hopkins,123.773346
Geno Smith,65.10165
Cordarrelle Patterson,53.519154
Eric Fisher,6.6138334
Ryan Nassib,5.3580084
Alejandro Villanueva,6.6138334
Isaiah Crowell,103.78349
Player0659,2.1985013
Willie Snead,52.57159
Charcandrick West,42.520267
Albert Wilson,44.73484
Bennie Fowler,20.948778
Jeremy Butler,15.4233
Juwan Thompson,10.5352745
Trey Burton,27.8913
David Fluellen,3.0585952
Freddie Martino,15.769625
Roosevelt Nix,2.950388
Bernard Reedy,4.2075596
Player0758,7.3937664
Ryan Hewitt,6.1371255
Antonio Andrews,40.770027
Brandon Coleman,39.80106
Player0805,2.5143316
Player0806,1.1923486
Allen Hurns,56.734474
D.J. Tialavea,6.778712
Asante Cleveland,1.5286583
Erik Swoope,23.36566
Player0855,8.297772
Tony Washington,2.2528803
Orleans Darkwa,40.801792
Damien Williams,34.36976
Javontee Herndon,16.429605
Keith Smith,5.917703
Josh Huff,24.726532
Crockett Gillmore,23.98649
Jeff Janis,9.1747
Jared Abbrederis,7.377909
Quincy Enunwa,55.0201
Michael Campanaro,11.192713
Xavier Grimble,12.507989
Jace Amaro,7.348925
Troy Niklas,9.345709
Carlos Hyde,77.163666
John Brown,64.39458
Andre Williams,17.126116
Ka'Deem Carey,18.900112
De'Anthony Thomas,11.233566
James White,71.360435
Tom Savage,33.398083
Lorenzo Taliaferro,8.021078
Ryan Grant,29.049736
Nat Berhe,0.24988249
Alfred Blue,54.917583
David Fales,8.578563
Pat O'Donnell,3.7534723
Jay Prosch,5.0505123
Kapri Bibbs,23.84839
Corey Brown,39.385178
Adarius Taylor,0.3263619
Chris Boswell,3.425233
Marcus Williams,3.9036982
George Atkinson,8.852431
Seth Roberts,39.872746
Player1167,5.329974
T.J. Jones,19.887766
Cairo Santos,-0.039283648
Senorise Perry,3.9484155
Taylor Gabriel,49.59447
Odell Beckham,98.61593
Brandin Cooks,110.13401
Teddy Bridgewater,117.65868
Paul Richardson,35.38526
Logan Thomas,28.774332
Zach Mettenberger,31.116524
Walt Powell,12.099747
T.J. Carrie,0.3263619
Cameron Brate,39.840252
Branden Oliver,14.425898
Derek Carr,228.12108
Devonta Freeman,96.16351
A.J. McCarron,15.777905
James Wright,11.658855
Jordan Matthews,49.225594
Jeremy Hill,52.164326
C.J. Fiedorowicz,29.14936
Walt Aikens,0.3263619
Devin Street,9.070581
Wesley Johnson,0.6626719
Matt Hazel,1.5286583
Diontae Spencer,3.1805248
Kevin Smith,5.6963015
Sammy Watkins,61.042843
Bruce Ellington,26.03043
Fitzgerald Toussaint,10.225605
Donte Moncrief,42.339977
Cody Latimer,21.450218
Jimmy Garoppolo,113.81153
Kelvin Benjamin,71.32874
Kyle Van Noy,0.3263619
Michael Palardy,0.5448642
Martavis Bryant,60.044415
Terrance West,47.26761
Jerick McKinnon,65.96935
Davante Adams,124.08492
Jarvis Landry,98.212555
Richard Rodgers,22.838987
Eric Ebron,55.439312
Charles Sims,57.775642
Player1391,24.62066
Garrett Gilbert,7.9801493
Blake Bortles,225.98514
Mike Evans,124.5548
Player1409,85.280426
Player1413,33.353916
Austin Seferian-Jenkins,26.998901
Player1420,-1.0216585
Allen Robinson,83.88812
Marqise Lee,50.831425
Taylor Lewan,7.839937
Player1462,6.8094325
Chris Manhertz,6.5496163
Player1493,7.1416626
Jameis Winston,156.94339
DeAndrew White,5.2967362
Jermaine Whitehead,0.41880298
Quan Bray,5.2013254
Player1526,2.6513588
Player1531,1.0180093
Randall Telfer,3.327106
Amari Cooper,109.44808
Kevin White,9.554091
DeVante Parker,72.24385
Nelson Agholor,58.939777
Maxx Williams,15.102875
Jaelen Strong,15.455478
Bryce Petty,26.35937
Jeremy Langford,41.045654
Justin Hardy,22.821005
Javorius Allen,45.328472
MyCole Pruitt,12.648593
Stefon Diggs,118.95738
Brett Hundley,57.74227
Jay Ajayi,56.027756
Michael Burton,5.961291
Tye Smith,0.3263619
Nick Boyle,17.312185
Cameron Artis-Payne,18.307297
Keith Mumphery,10.440832
A.J. Derby,15.688025
Darren Waller,55.89017
Player1611,5.3550887
Aaron Ripkowski,9.804265
Brian Mihalik,0.6626719
Zach Zenner,25.209702
Terron Ward,16.235754
Shane Wynn,2.6513588
Raheem Mostert,45.24988
Eric Tomlinson,7.4113655
Jordan Taylor,21.602615
Player1706,1.7267817
Corey Grant,16.0382
Connor Hamlett,8.26676
Akeem Hunt,14.000796
Matt LaCosse,15.433649
Player1746,1.1158692
Lucky Whitehead,17.367031
DeAndre Carter,27.340635
Terrence Magee,2.0483587
Eli Rogers,28.601164
Jake Kumerow,11.348296
Matt Lengel,6.453427
Terrell Watson,8.278348
Justin Coleman,0.3263619
Taylor Heinicke,67.12248
Jordan Leslie,3.6713808
Malcolm Brown,27.427801
Player1816,2.1985013
Bradley Marquez,8.8569145
John Crockett,1.9944477
Player1830,1.4839423
Player1834,1.5286583
Chris Harper,10.333138
Damiere Byrd,28.501507
Thomas Rawls,53.418068
Rod Smith,18.182907
Bryce Callahan,0.3263619
Cameron Meredith,38.60604
Kendall Lamm,5.979927
Khari Lee,1.882316
Player1932,2.1985013
Devin Smith,12.272707
Matt Jones,42.442173
Jamison Crowder,64.35761
James O'Shaughnessy,19.23341
Geremy Davis,4.976298
Anthony Chickillo,0.3263619
Marcus Murphy,8.380466
Mario Alford,2.1985013
Player1968,1.1923486
Player1972,8.815957
Ben Edwards,1.7184483
Will Tye,29.7836
Quinton Dunbar,3.9036982
Donteea Dye,10.540764
Adam Humphries,51.400097
Andrew Turzilli,3.4826329
Mack Brown,10.003748
Breshad Perriman,37.61051
Devin Funchess,47.342293
Tevin Coleman,60.526157
Blake Bell,12.084124
Mike Davis,41.61781
DeAndre Smelter,3.6713808
Malcolm Johnson,4.426948
Brian Parker,3.327106
Daniel Brown,9.459035
Ameer Abdullah,34.438313
J.J. Nelson,35.89669
Player2115,10.505388
Nick O'Leary,19.500126
Neal Sterling,9.103663
Joey Iosefa,3.6295986
Tre McBride,9.364359
Chris Conley,40.975475
Jalston Fowler,5.025069
Player2133,15.886456
C.J. Uzomah,27.621687
Jesse James,25.959167
Ben Koyack,14.009491
Geoff Swaim,11.041326
Melvin Gordon,111.464775
Ty Sambrailo,9.543335
Karlos Williams,62.28333
Trevor Siemian,78.830734
Tyrell Williams,59.146935
Sammie Coates,15.2848835
Rashad Greene,5.755341
David Johnson,88.11339
Vince Mayle,1.8594688
Gerald Christian,2.1985013
Jake Fisher,3.4500778
Ty Montgomery,32.33599
Phillip Dorsett,34.40727
T.J. Yeldon,59.09881
Tyler Lockett,97.70821
Tyler Kroft,17.681292
Dorial Green-Beckham,50.896423
Jeff Heuerman,17.241121
Todd Gurley,139.7104
Sean Mannion,5.498507
Kasen Williams,6.632025
Clive Walford,27.176416
Duke Johnson,66.01927
Marcus Mariota,128.35562
Bronson Hill,1.0180093
Ross Travis,5.428409
Erik Harris,0.24988249
Chester Rogers,34.797226
Maurice Harris,17.311687
DeMarcus Ayers,9.230533
Rob Kelley,36.28843
Joe Kerridge,1.5286583
Josh Ferguson,8.44831
Taylor Decker,5.9779887
Ryan Kelly,0.6626719
Sterling Shepard,67.49242
Cyrus Jones,0.3263619
Austin Hooper,54.073956
C.J. Prosise,13.686686
Nick Vannett,17.365362
Chris Moore,25.53937
Malcolm Mitchell,45.10694
Tyler Ervin,7.204876
Kenneth Dixon,42.18453
Paul Perkins,31.470304
Trevor Davis,13.591961
Alex Collins,49.4252
Jerell Adams,13.821356
David Morgan,6.4222145
Brandon Allen,28.817875
Jeff Driskel,40.943195
Player2437,1.5286583
Aaron Burbridge,9.644208
Elandon Roberts,9.543335
Lachlan Edwards,0.6546011
Dwayne Washington,12.004417
Trevone Boykin,6.727511
Kalif Raymond,35.769905
George Fant,1.7184483
Tre Madden,10.523876
Tanner McEvoy,14.45142
Player2482,2.122022
Matthias Farley,0.6213436
Player2508,2.1985013
Henry Krieger-Coble,2.1985013
Player2540,6.6356735
Alex Erickson,21.726341
Cole Wick,2.7278383
Wil Lutz,0.24988249
D.J. Foster,8.469668
Brandon Wilds,5.7822146
Josh Perkins,9.58642
J.D. McKissic,44.029446
Geronimo Allison,28.40931
Joe Callahan,0.6213436
Player2634,6.6609826
Player2636,3.0585952
Ryan Malleck,1.5286583
Player2656,2.5143316
Roger Lewis,32.24347
Ben Braunecker,8.178915
Paul McRoberts,1.5286583
Robby Anderson,76.196106
Jalin Marshall,16.725906
Doug Middleton,0.3263619
Andy Jones,8.252316
Bryce Treggs,10.752565
Stephen Anderson,18.93038
Player2728,7.3860245
Wendall Williams,5.8697467
Lawrence Thomas,5.1148477
Peyton Barber,49.16485
Alan Cross,6.106752
Isaiah Johnson,0.3263619
Josh Doctson,38.871117
Derrick Henry,140.3554
Michael Thomas,108.59366
Nick Kwiatkoski,0.3263619
Demarcus Robinson,38.551003
Tajae Sharpe,41.325565
Jordan Howard,75.06655
Wendell Smallwood,32.439465
Kevin Hogan,22.480673
DeAndre Houston-Carson,0.3263619
Jakeem Grant,24.658108
Nate Sudfeld,7.1502466
Blake Countess,0.3263619
Dan Vitale,6.9465394
Cody Core,13.3045225
Daniel Lasco,4.3093343
Clayton Fejedelem,0.18380922
Elijhaa Penny,13.419799
Leonard Wester,6.6138334
Hunter Sharp,8.244249
Paul Turner,11.412029
Alex Ellis,2.1985013
Tommylee Lewis,6.9511776
Connor Cook,5.301212
Derek Watt,5.2927685
Kenneth Farrow,21.849386
Spencer Pulley,0.6626719
C.J. Ham,14.280296
Johnny Holton,11.301026
Max McCaffrey,1.5286583
DeAndre Washington,37.918606
Riley Dixon,1.4457132
Duke Williams,15.8976145
Carson Wentz,194.76999
Laquon Treadwell,22.896534
Andy Janovich,6.918416
Player2958,0.3263619
Charone Peake,12.586146
Byron Marshall,8.925147
Corey Coleman,28.449257
Devontae Booker,55.534836
Jordan Payton,1.1923486
Jonathan Williams,13.122698
Rashard Higgins,33.79762
Marcus Johnson,17.223764
J.P. Holtz,9.604933
Jaydon Mickens,6.4058948
Tyler Boyd,84.231895
Jalen Richard,49.52751
Tyreek Hill,137.24623
Austin Traylor,8.366053
Ezekiel Elliott,153.0143
Darius Jackson,1.4331015
Rico Gathers,5.191327
Leonte Carroo,9.410761
Braxton Miller,15.678636
Dak Prescott,229.32933
Ricardo Louis,29.963686
Seth DeValve,21.22546
Darian Thompson,0.24988249
Hunter Henry,62.115723
Marvin Hall,18.214346
Garrett Griffin,3.7960112
Cardale Jones,2.1699178
Cody Kessler,35.865887
Jared Goff,207.14833
Paxton Lynch,18.861767
Tyler Higbee,50.350403
Pharoh Cooper,11.37223
Temarrick Hemingway,1.8227245
Mike Thomas,9.589548
Kenyan Drake,80.77252
Jacoby Brissett,99.76775
Will Fuller,57.896862
Kevin Byard,4.1552563
Troymaine Pope,9.383862
Cyril Grayson,13.167676
Mo Alie-Cox,25.37579
Johnny Mundt,8.496336
Zach Pascal,45.74252
Darrell Daniels,6.0657363
JoJo Natson,2.9624484
Phillip Walker,18.45515
Christian McCaffrey,151.63017
Curtis Samuel,62.134895
George Kittle,93.71907
Trent Taylor,20.596996
Aaron Jones,120.02007
Elijah McGuire,45.80693
Alex Armah,5.0153527
Conor McDermott,6.778712
Devante Mays,-2.41329
Victor Bolden,2.1590335
Kendrick Bourne,56.411976
Matt Breida,56.271538
Cole Hikutini,2.1985013
Nick Mullens,62.131912
Cethan Carter,7.8424935
Player3352,5.475102
Taysom Hill,64.4484
C.J. Board,7.0109644
Taquan Mizzell,11.058112
Ricky Ortiz,2.8753998
Tim Patrick,54.053574
Patrick Ricard,7.657574
Tim White,2.1985013
Austin Carr,8.40168
LeShun Daniels,1.4331015
Cody Hollister,5.020199
Jacob Hollister,16.375822
Matt Haack,3.3487535
De'Veon Smith,4.816451
Antony Auclair,5.237936
Bobo Wilson,6.970121
Pharaoh Brown,18.00354
Keon Hatcher,1.7184483
Anthony Firkser,28.955894
John Ross,26.901962
Jehu Chesson,2.325542
Isaiah McKenzie,30.705885
Isaiah Ford,23.82024
Gehrig Dieter,3.327106
Marcus Kemp,4.9084473
Arthur Maulet,0.3263619
Emanuel Byrd,3.682499
Samaje Perine,43.511757
Jeremy Sprinkle,10.706605
Player3530,1.8621923
Mike Williams,82.283936
Deshaun Watson,224.2813
Player3550,18.470835
James Conner,93.79516
Mack Hollins,33.786167
Tarik Cohen,70.58038
Michael Roberts,11.232913
Ryan Switzer,13.722561
Jake Butt,4.834414
Desmond King,0.3263619
Brian Hill,36.478725
Jamal Agnew,17.229876
Shelton Gibson,5.90012
Eric Saubert,9.323723
De'Angelo Henderson,6.3143806
David Moore,43.566425
Noah Brown,22.090986
Chris Carson,87.375656
Matthew Dayes,4.1567187
Krishawn Hogan,1.5286583
Ricky Seals-Jones,28.955374
Jason Croom,16.37643
Tanner Gentry,3.3987238
B.J. Bello,0.3263619
Blake Jarwin,20.835585
Cooper Rush,28.793032
Keelan Cole,49.233162
Sean Culkin,3.327106
Austin Ekeler,122.64372
Andre Patton,5.191327
Travis Rudolph,10.838907
Colin Thompson,4.1959953
Corey Clement,32.19974
Greg Ward,28.109203
Tyrone Swoopes,3.4826329
Tion Green,16.617626
Robert Tonyan,32.582733
Justin Davis,1.4839423
Justin Hardee,2.1590335
T.J. Logan,3.8527844
Brandon Wilson,0.3263619
Player3798,1.5286583
Trey Edmunds,12.049377
Dede Westbrook,40.19275
Chad Hansen,18.399733
Dare Ogunbowale,26.209576
Chris Thompson,9.378484
Leonard Fournette,117.41605
JuJu Smith-Schuster,83.73292
Jonnu Smith,35.85986
Josh Malone,4.7311463
Mitchell Trubisky,121.06726
Corey Davis,69.53885
Patrick Mahomes,289.5787
Adoree' Jackson,3.6295986
O.J. Howard,34.322296
Evan Engram,65.978584
David Njoku,43.9983
Zay Jones,49.452972
Dalvin Cook,130.44965
Gerald Everett,45.523945
Adam Shaheen,14.554855
Joe Mixon,123.82147
DeShone Kizer,73.76711
Dion Dawkins,7.632507
Alvin Kamara,154.73384
Cooper Kupp,114.15907
Taywan Taylor,39.134003
ArDarius Stewart,10.505388
Chris Godwin,98.465096
Kareem Hunt,101.93211
D'Onta Foreman,44.25631
Jourdan Lewis,1.0180093
Kenny Golladay,67.83298
Chad Williams,13.695664
C.J. Beathard,48.30862
Amara Darboh,7.66864
Josh Reynolds,46.00895
Jamaal Williams,84.62544
Joshua Dobbs,7.5063605
Wayne Gallman,42.04978
Marlon Mack,55.503716
Jordan Leggett,12.063091
Jeremy McNichols,27.258877
Nathan Peterman,6.913738
Fred Brown,3.6713808
Dan Arnold,27.75084
Rashard Davis,2.1985013
Brandon Zylstra,12.037615
River Cracraft,8.997071
Colby Wadman,0.6213436
Ross Dwelley,13.619381
Steven Mitchell,6.2257276
Matt Flanagan,2.1985013
Cam Sims,22.428686
Phillip Lindsay,70.30119
Jeffery Wilson,53.435318
Christian Blake,8.543034
Will Dissly,28.12298
Michael Dickson,1.0210465
Trenton Cannon,16.517065
Player4169,1.5286583
Jason Cabinda,4.5960946
Tim Boyle,19.091408
Raven Greene,1.9944477
Gus Edwards,69.907196
Nick Keizer,4.4427814
Kevin Rader,1.7184483
De'Lance Turner,2.608095
Darious Williams,0.3263619
Mike Boone,15.246752
Roc Thomas,5.7822146
Dontrell Hilliard,23.448
Da'Mari Scott,3.5949013
Derrick Willies,5.485734
Jaleel Scott,3.4826329
J'Mon Moore,2.1985013
Tyler Conklin,30.061481
Marquez Valdes-Scantling,60.990295
Damion Ratley,12.885254
Tremon Smith,0.41880298
Equanimeous St. Brown,33.201912
Richie James,34.778126
Byron Pringle,27.667402
Darrel Williams,38.04244
Chad Beebe,13.721165
Player4311,3.9404802
Keith Kirkwood,8.895627
Deon Yelder,6.424848
Jaylen Samuels,28.935425
Player4335,0.24988249
Trey Quinn,13.931228
Josh Rosen,57.01288
Courtland Sutton,74.08042
Kerryon Johnson,57.696358
Dallas Goedert,63.334213
Anthony Miller,44.320805
Player4355,0.24988249
Player4358,35.80414
Player4360,0.3263619
Jordan Akins,37.458607
Ian Thomas,21.611721
Keke Coutee,21.847454
Nyheim Hines,62.689674
DaeSean Hamilton,29.177217
Ito Smith,26.788643
Dalton Schultz,44.201305
Justin Watson,18.662548
Dane Cruikshank,13.04633
Siran Neal,2.1985013
Troy Fumagalli,7.911809
Daurice Fountain,3.6713808
Wyatt Teller,0.6626719
Jordan Wilkins,33.728493
Mike White,45.21424
Deon Cain,12.45295
Ray-Ray McCloud,22.434282
Russell Gage,53.597023
Player4412,6.5006657
Boston Scott,44.091362
Cedrick Wilson,29.20189
Braxton Berrios,34.2777
Jordan Thomas,12.0472145
Javon Wims,11.401285
Dave Williams,3.0585952
Bo Scarbrough,19.738321
Nick Bawden,2.6892185
Logan Cooke,0.6546011
Logan Woodside,1.0004011
Ryan Izzo,20.645672
Justin Jackson,39.18415
Buddy Howell,4.9205346
Josh Adams,27.903988
Dennis Gardeck,0.3263619
Trent Sherfield,20.844944
Jalen Tolliver,3.9036982
Ezekiel Turner,3.6713808
Sean Chandler,1.4331015
Jawill Davis,3.327106
Keith Ford,8.850803
Robert Foster,25.55092
Cam Phillips,1.7184483
Allen Lazard,49.366467
Jordan Franks,3.3987238
J.J. Jones,1.1923486
Detrez Newsome,6.5143056
Kyle Allen,48.112133
Reggie Bonnafon,8.966949
Chris Lacy,7.3860245
Ryan Nall,4.7526402
Tanner Hudson,9.104193
Godwin Igwebuike,10.024429
Shaun Wilson,2.9787946
Vyncint Smith,17.98959
Brandon Powell,13.429739
Cameron Batson,7.689855
Deontay Burnett,8.932336
Dalyn Dawkins,1.9944477
Rico Gafford,9.5401
Player4672,2.1406517
James Washington,44.75502
Mark Walton,19.074095
Chase Edmonds,61.855354
Johnny Townsend,3.0585952
Auden Tate,24.116108
John Franklin,1.0180093
Darvin Kidsy,1.7184483
Dallin Leavitt,0.45901346
Codey McElroy,3.6713808
Marcell Ateman,18.467524
Rashaad Penny,44.048897
Josh Jackson,0.3263619
Mark Andrews,90.69208
Michael Gallup,72.79592
Tre'Quan Smith,38.82914
Chris Herndon,22.539259
Mason Rudolph,45.017365
Antonio Callaway,26.118986
Vita Vea,6.778712
Christian Kirk,89.5832
D.J. Chark,55.72905
Jaeden Graham,12.351045
Nick Chubb,150.39964
Jason Sanders,6.778712
Lamar Jackson,238.06416
Durham Smythe,20.727303
Kalen Ballage,24.602304
John Kelly,7.397159
Ronald Jones,58.107067
D.J. Moore,114.5959
Mike Gesicki,56.136314
Hayden Hurst,37.1233
Calvin Ridley,88.90365
Royce Freeman,41.725185
Saquon Barkley,124.97171
Sony Michel,73.88212
Khadarel Hodge,17.315695
Baker Mayfield,186.70982
Josh Allen,277.37967
Dante Pettis,25.109144
Malik Turner,17.867502
Sam Darnold,123.52035
John Wolford,11.837988
Ishmael Hyman,3.9036982
Steven Sims,28.360235
Trinity Benson,10.838907
Brett Rypien,13.062376
Andrew Beck,9.7660055
Jakobi Meyers,75.739944
Irv Smith,29.276083
Alexander Mattison,60.95596
Justice Hill,23.206663
Foster Moreau,30.596865
Hunter Renfrow,66.84693
E.J. Speed,0.3263619
Kaden Smith,14.033778
Dexter Williams,1.4839423
Olabisi Johnson,27.782356
Player5013,6.4814277
Ashton Dulin,12.891038
Penny Hart,5.2315817
Hale Hentges,11.904319
Stephen Carlson,6.5854416
David Blough,17.81246
D.J. Montgomery,5.5375047
Khari Blasingame,4.2343802
Davion Davis,1.8621923
Brandon Dillon,1.5286583
Alexander Hollins,5.6963015
Keelan Doss,12.003637
Alec Ingold,12.409589
Antoine Wesley,20.498623
Player5133,0.3263619
Mecole Hardman,58.965122
Trace McSorley,7.5029836
Darwin Thompson,16.985435
Jack Fox,0.8772658
Player5161,0.45901346
Player5181,3.5125835
Devine Ozigbo,4.93062
Austin Walter,9.048304
Olamide Zaccheaus,36.274975
Deonte Harris,25.899244
Diontae Johnson,96.14132
Benny Snell,28.719927
Zach Gentry,12.088142
Ulysees Gilbert,0.3263619
Kyler Murray,242.23247
T.J. Hockenson,68.779884
Christian Wilkins,6.3509636
Player5232,61.443306
Kaleb McGary,0.6626719
Miles Sanders,116.048
J.J. Arcega-Whiteside,15.32182
Josh Oliver,13.013398
Devin Singletary,100.90028
Will Grier,3.0406992
Trevon Wesco,6.5965853
Tony Pollard,94.00155
Jarrett Stidham,24.302954
Ryquell Armstead,17.869175
Player5272,0.3263619
Qadree Ollison,6.590635
Jordan Scarlett,1.0210465
Player5277,0.3263619
KeeSean Johnson,17.849895
Gardner Minshew,104.83541
Jaquan Johnson,0.6213436
Trayveon Williams,13.850719
Kelvin Harmon,35.851185
Scott Miller,28.551674
Cullen Gillaspia,1.5286583
Tommy Sweeney,7.9949026
Player5310,1.7184483
Myles Gaskin,52.909863
Terry Godwin,3.012075
C.J. Moore,4.2976537
Donald Parham,17.161379
Trenton Irwin,12.933718
Patrick Laird,19.503027
Chris Myarick,8.721914
Preston Williams,26.282194
Tyree Jackson,6.2532396
David Sills,7.9063306
Player5374,2.1985013
Andrew Wingard,0.24988249
Stanley Morgan,3.0401635
Damion Willis,9.246405
Lil'Jordan Humphrey,14.848505
Jalen Guyton,36.637592
Player5428,0.3263619
Jason Moore,5.506952
Damarea Crockett,0.41880298
Tyron Johnson,19.159506
Malik Taylor,7.130591
Player5489,16.264065
Greg Dortch,25.94619
Jeff Smith,12.63411
Andy Isabella,12.071236
Darius Slayton,66.52674
Ty Johnson,41.213814
Isaac Nauta,1.882316
Tom Kennedy,14.772751
Joe Fortson,10.291003
Ventell Bryant,7.9278903
Tony Brooks-James,1.0180093
Charles Jones,1.5286583
Jesper Horsted,7.7483563
Craig Reynolds,16.847052
Parker Hesse,9.610151
Devlin Hodges,38.046562
Garrett Bradbury,2.5143316
Riley Ridley,7.084908
Travis Fulgham,61.95184
Juwann Winfree,3.402684
Travis Homer,24.915903
Kerrith Whyte,11.494916
John Ursua,2.1985013
Kendall Blanton,4.5029287
Player5609,2.1985013
Player5621,1.371576
N'Keal Harry,23.500122
D'Ernest Johnson,26.572851
Drew Sample,14.1452875
Amani Hooker,1.4521791
Parris Campbell,27.512506
DK Metcalf,109.6939
Noah Fant,62.674507
Gunner Olszewski,10.189631
Ryan Finley,17.965786
Chase Winovich,0.3263619
Damien Harris,60.215557
Terry McLaurin,113.84601
Kahale Warring,3.3987238
Marquise Brown,81.16484
Darrell Henderson,58.255375
Nick Scott,3.4677222
Jace Sternberger,11.9450865
A.J. Brown,119.93424
David Montgomery,122.2054
Michael Deiter,0.6626719
Dawson Knox,46.22595
Josh Jacobs,148.88068
Miles Boykin,18.307344
Drew Lock,84.753944
Daniel Jones,182.92108
Derrick Gore,37.16677
Deebo Samuel,103.75958
Jakob Johnson,3.676987
Chris Streveler,6.6860633
Player5760,1.0180093
Mitchell Wilcox,7.6997924
Jamycal Hasty,24.296303
Ben Ellefson,2.3131275
James Robinson,95.93218
Player5835,0.24988249
Kirk Merritt,2.1985013
DeMichael Harris,13.153729
Tony Jones,9.088246
Kendall Hinton,28.976868
Austin Mack,9.604933
Player5876,5.1197095
Player5883,0.24988249
Tommy Townsend,0.6546011
Cody White,4.597057
Gabe Nabers,5.798084
Player5912,1.8839961
Jonathan Ward,6.5189953
Player5939,13.549171
Myles Hartsfield,0.24988249
Player5956,10.838907
Rodney Smith,14.105609
Patrick Taylor,8.249676
Tyler Huntley,36.91662
Hunter Bryant,5.191327
Bobby Price,2.1985013
Salvon Ahmed,26.691294
Sean McKeon,4.990951
Terence Steele,6.778712
Juwan Johnson,26.14432
Player6059,7.209561
Scottie Phillips,3.4801962
Easop Winston,1.5286583
J.J. Taylor,8.2314415
Player6100,4.7180657
Ja'Marcus Bradley,8.4910965
James Proche,12.080531
Rico Dowdle,1.9944477
Player6142,20.341074
Lawrence Cager,8.788968
J.K. Dobbins,75.04938
Player6165,34.1556
Player6173,3.3987238
Player6176,1.5286583
Nick Westbrook-Ikhine,38.587418
Kristian Wilkerson,19.113235
Reggie Gilliam,6.2798395
Antonio Williams,20.625454
Devin Asiasi,5.4569592
Gabriel Davis,68.86298
Jake Fromm,8.789307
Artavis Pierce,5.5740457
Tua Tagovailoa,161.08008
Danny Pinter,6.6138334
Marquez Callaway,36.322727
Isaiah Rodgers,0.3263619
Jonathan Taylor,152.7226
Dalton Keene,0.36036032
Player6226,1.8689984
Dezmon Patmon,5.6732526
Harrison Bryant,24.1776
Donovan Peoples-Jones,59.77922
Colby Parkinson,16.405546
Malcolm Perry,11.641142
Freddie Swain,26.643908
Tyler Davis,5.5783973
Zack Moss,55.129734
Michael Pittman,90.72718
Collin Johnson,24.042862
Denzel Mims,24.116966
Jauan Jennings,36.672565
Brandon Aiyuk,94.73279
Jordan Love,14.270261
A.J. Dillon,78.77023
Laviska Shenault,55.573116
La'Mical Perine,20.871002
Quez Watkins,40.527546
D'Andre Swift,96.46952
Quintez Cephus,20.833763
Jason Huntley,4.8400197
Kenny Robinson,0.3263619
Cole Kmet,49.36896
Jeremy Chinn,2.1128097
Darrynton Evans,9.580199
Daniel Thomas,0.3263619
Darnell Mooney,80.17018
Jake Luton,19.023481
Braden Mann,0.2624943
Joseph Charlton,0.6546011
Justin Jefferson,170.89763
Chase Claypool,82.83327
Antonio Gibson,108.33901
Player6329,0.24988249
Devin Duvernay,41.412315
Josiah Deguara,13.791594
Anthony McFarland,9.613962
Antonio Gandy-Golden,2.8604326
K.J. Osborn,69.56003
Justin Herbert,299.03824
Player6357,50.449295
CeeDee Lamb,125.593056
Clyde Edwards-Helaire,75.963066
Lynn Bowden,24.632788
Bryan Edwards,34.350204
Joshua Kelley,36.322357
Joe Reed,4.628258
K.J. Hill,6.888307
Eno Benjamin,36.281387
Ben DiNucci,2.7886183
Andrew Thomas,6.6138334
Jalen Reagor,27.623133
Jalen Hurts,198.8959
John Hightower,16.86803
Jerry Jeudy,80.73228
Tee Higgins,103.301895
K.J. Hamler,25.8749
Cam Akers,57.567642
Van Jefferson,50.436024
Adam Trautman,28.23555
Albert Okwuegbunam,20.833763
Brycen Hopkins,8.366053
DeeJay Dallas,27.640736
Tyler Johnson,34.64804
Charlie Woerner,6.9580584
Player6433,1.9944477
Player6438,5.191327
Tyrie Cleveland,7.5544834
Joe Burrow,250.34921
Ke'Shawn Vaughn,15.870545
Dominique Dafney,8.88743
Ty'Son Williams,14.789337
Mike Strachan,7.9839416
Tarik Black,2.1590335
Deon Jackson,26.349432
Player6497,3.3350708
Kenny Yeboah,3.9036982
Player6523,2.7122898
Player6527,1.9944477
Shane Zylstra,7.441306
Player6543,4.6061773
Rashod Bateman,39.05405
Nico Collins,46.020775
Chuba Hubbard,69.290245
Brevin Jordan,18.34929
Elijah Mitchell,72.8512
Gary Brightwell,11.241941
Shi Smith,24.948483
Player6590,8.797952
Jaylen Waddle,125.24042
D'Wayne Eskridge,11.852816
Dyami Brown,18.442684
Dez Fitzpatrick,8.244249
John Bates,18.707758
Tylan Wallace,5.1197095
Ihmir Smith-Marsette,8.609883
Noah Gray,20.804087
Player6646,3.3551943
Larry Rountree,9.882609
Racey McMath,2.6765783
Demetric Felton,12.418168
Seth Williams,3.9036982
Player6669,3.924581
Jermar Jefferson,11.55106
Dax Milne,5.993633
Mekhi Sargent,1.0180093
Adam Prentice,3.0638158
Jack Stoll,9.187697
Brock Wright,20.89312
Jaret Patterson,22.303518
Player6768,5.068549
Player6810,3.6713808
Player6829,32.14188
Player6841,2.1985013
Kene Nwangwu,7.5173693
Player6849,34.967396
Chris Evans,14.76339
Player6858,1.5286583
Jake Funk,0.24988249
Ben Skowronek,29.569868
Rhamondre Stevenson,106.92078
Kylen Granson,23.896141
Jaelon Darden,7.5914116
Sam Ehlinger,17.89329
Player6880,1.7184483
Luke Farrell,5.466337
Najee Harris,146.77344
Pat Freiermuth,60.33288
Davis Mills,148.82454
Ja'Marr Chase,131.47023
Khalil Herbert,71.46823
Dazz Newsome,3.3350708
C.J. Saunders,2.5143316
DeVonta Smith,106.464066
Kadarius Toney,35.402737
Player6918,1.5286583
Kenneth Gainwell,49.052055
Michael Carter,83.02976
Player6928,0.6546011
Ian Book,1.671408
Rondale Moore,43.0492
Justin Fields,161.2834
Kellen Mond,0.6213436
Player6950,15.453217
Frank Darby,3.3551943
Terrace Marshall,33.632362
Player6959,9.604933
Amon-Ra St. Brown,116.66633
Kyle Pitts,74.5469
Trevor Lawrence,213.73865
Mac Jones,182.04745
Player6973,137.89072
Elijah Moore,55.402157
Chauncey Golston,0.3263619
Trey Sermon,15.307231
Nahshon Wright,0.3263619
Josh Palmer,59.00696
Amari Rodgers,13.781555
Javonte Williams,76.47057
Anthony Schwartz,16.818092
Hunter Long,1.3821384
Tommy Tremble,20.574097
Tre' McKitty,6.182003
Trey Lance,37.137856
Zach Wilson,102.46661
Player7077,18.166443
Player7078,3.3350708
Player7085,9.106955
Player7086,9.50681
Player7087,5.0024967
Player7093,3.4826329
Player7098,9.158984
Player7157,34.21865
Player7168,9.147071
Player7175,5.7478027
Player7197,92.335686
Player7228,57.81127
Player7238,84.00054
Player7239,102.16479
Player7240,8.453398
Player7247,87.223495
Player7248,68.06709
Player7252,36.317318
Player7253,11.0418215
Player7256,71.65759
Player7257,24.560474
Player7258,103.9078
Player7261,17.53931
Player7263,119.8242
Player7265,5.5933266
Player7267,1.0180093
Player7272,3.924581
Player7273,7.707918
Player7276,1.4839423
Player7277,13.31579
Player7282,11.9450865
Player7286,6.1643295
Player7291,19.727156
Player7299,9.44173
Player7300,5.055125
Player7304,17.295076
Player7311,9.87119
Player7327,17.10973
Player7331,2.3459666
Player7355,0.36036032
Player7382,6.5993156
Player7387,8.6274605
Player7393,0.3263619
Player7429,17.893377
Player7456,2.7278383
Player7475,1.882316
Player7487,6.3596725
Player7500,0.6213436
Player7525,26.491138
Player7545,58.900944
Player7557,6.1598063
Player7563,21.919996
Player7569,12.723455
Player7570,2.1985013
Player7594,6.102858
Player7617,12.488188
Player7664,61.77584
Player7666,2.1985013
Player7708,1.5286583
Player7740,113.1379
Player7741,56.83145
Player7742,46.377
Player7744,19.852552
Player7745,20.181055
Player7746,82.62845
Player7755,29.77634
Player7801,2.5397174
Player7805,1.3821384
Player7809,48.897747
Player7816,42.784878
Player7827,11.20966
Player7828,2.2323172
Player7834,98.5655
Player7838,36.00898
Player7840,18.986176
Player8040,4.8400197
Player8041,19.211956
Player8045,4.3093343
Player8046,6.957847
Player8090,28.331429
Player8092,1.5286583
Player8098,11.753204
Player8102,119.51577
Player8104,28.987196
Player8108,34.27921
Player8115,24.06494
Player8117,24.701529
Player8120,69.53453
Player8122,33.176346
Player8124,72.78558
Player8128,12.641086
Player8129,42.351414
Player8134,124.177574
Player8147,3.4826329